{"model_checksum":[0,0,0,0],"num_entries":4,"channels":[{"tid":0,"data_size":32,"decimation":1,"entries":[{"address":2187592,"size":8,"blockpath":"Brueckenkran_Template_V1u2/DataLogging/DataloggingONOFF/File Log4/ia","portnumber":0},{"address":2187608,"size":8,"blockpath":"Brueckenkran_Template_V1u2/DataLogging/DataloggingONOFF/File Log3/ua","portnumber":0},{"address":2187560,"size":8,"blockpath":"Brueckenkran_Template_V1u2/DataLogging/DataloggingONOFF/File Log1/Ia_soll","portnumber":0},{"address":2187632,"size":8,"blockpath":"Brueckenkran_Template_V1u2/DataLogging/DataloggingONOFF/File Log2/Theta","portnumber":0}]}]}